,website,search_score,alexa_rank,majestic_rank,umbrella_rank,quantcast_rank,is_marketplace,is_iogame
10,www.youtube.com,11.91411503,2,3,44,4,0,0
39,www.baidu.com,4.687,4,5843,671,1761,0,0
105,www.facebook.com,2.321725344,7,2,26,2,0,0
730,www.amazon.com,0.411177645,14,26,100,3,0,0
62,www.reddit.com,3.582529976,18,44,881,878,0,0
66,www.microsoft.com,3.392434988,31,7,10,14,0,0
119,twitter.com,1.991923954,34,4,151,5,0,0
269,medium.com,1.251426226,70,62,5108,1005,0,0
447,github.com,0.831,81,27,2174,186,0,0
461,imgur.com,0.815602837,83,148,1989,24,0,0
45,www.quora.com,4.409493071,188,278,2648,5865,0,0
335,www.playstation.com,0.983451537,757,660,3091,1017,0,0
390,www.urbandictionary.com,0.886524823,796,628,35062,19,0,0
95,www.y8.com,2.533247505,886,16663,33434,6451,1,0
20,kahoot.it,6.897205589,1021,18243,18944,843,0,0
4,www.crazygames.com,22.59394447,1136,32151,43785,1070,1,0
136,www.tomsguide.com,1.855650401,1264,2402,41029,3701,0,0
719,www.nasa.gov,0.425149701,1315,126,12679,671,0,0
58,poki.com,3.652277006,1475,56752,38114,2917,1,0
403,www.gamesradar.com,0.869261477,1769,2753,54727,,0,0
344,www.pcgamer.com,0.969267139,1772,2436,48733,356,0,0
395,screenrant.com,0.884160757,1774,3169,53570,,0,0
0,itch.io,145.9669372,2335,2399,81041,1535,1,0
193,www.draw.io,1.59208187,2353,15785,70087,8840,0,0
385,krunker.io,0.893617021,2717,520180,66048,827,0,1
352,www.coolmathgames.com,0.945626478,3255,27440,31557,946,1,0
142,paper-io.com,1.814979969,3625,350983,130709,5962,0,1
203,armorgames.com,1.548902196,3953,3708,96361,5985,1,0
75,agar.io,2.950264764,3990,20873,81527,6295,0,1
46,slither.io,4.394685965,4090,46230,42982,4280,0,1
270,www.crunchbase.com,1.250591017,4196,1044,42974,2519,0,0
24,www.miniclip.com,5.733499662,4495,3843,11504,,1,0
504,greasyfork.org,0.761229314,4690,18552,88110,24703,0,0
336,skribbl.io,0.982035928,4886,554021,265591,,0,1
38,www.9game.cn,4.691,4940,8689,103698,68947,1,0
84,www.agame.com,2.819403746,6172,21398,64578,463735,1,0
85,kizi.com,2.80181481,6351,47120,124745,5556,1,0
452,www.twoplayergames.org,0.827345309,6700,274691,238531,9132,1,0
325,www.rockpapershotgun.com,1.056737589,6792,5166,72402,1637,0,0
154,www.silvergames.com,1.762821874,7051,46379,168913,13175,1,0
427,www.thetoptens.com,0.849301397,7346,29681,262911,4127,0,0
52,www.addictinggames.com,3.958382237,7833,7248,149474,6902,1,0
86,surviv.io,2.771850195,7955,279465,75499,452843,0,1
685,bloody-disgusting.com,0.472055888,8589,7360,232744,1806,0,0
594,www.pinterest.com.au,0.628841608,8935,5088,19336,,0,0
175,alternativeto.net,1.639326241,9228,6893,168546,4715,0,0
19,www.taptap.com,6.990676123,10036,25629,142063,61836,1,0
16,www.4j.com,7.158858283,10855,208933,176277,13423,1,0
521,www.gogy.com,0.737588652,10941,464401,98381,26471,1,0
126,diep.io,1.917179068,11115,268106,165950,9488,0,1
660,www.falcon.io,0.510978044,12058,108216,769413,65199,0,0
267,www.pacogames.com,1.254391925,12180,167190,131478,84437,1,0
3,cardgames.io,25.85390127,12566,298152,83200,5319,0,0
324,www.gameskinny.com,1.059101655,14434,37497,402423,2121,0,0
383,www.gamasutra.com,0.895981087,14511,2449,245150,11097,0,0
90,hole-io.com,2.645991654,14771,718006,148543,,0,1
72,www.girlsgogames.com,3.122924364,15327,96716,357993,,1,0
82,mope.io,2.871180568,15995,480365,169322,21737,0,1
582,sketch.io,0.641716567,16285,270546,448822,14839,0,0
56,splix.io,3.711319296,17541,462155,676829,31393,0,1
96,lagged.com,2.505082035,17660,199898,251556,27332,1,0
145,wormate.io,1.791976331,19006,757295,238558,68269,0,1
140,www.games.co.uk,1.816993092,19096,469207,379512,224299,1,0
21,kbhgames.com,6.313,19270,149129,355372,17985,1,0
165,www.gameflare.com,1.705588822,19463,167793,447768,40604,1,0
526,agar.live,0.730496454,19712,,645883,,0,1
8,www.gamesgames.com,13.35279423,20423,106671,262388,464839,1,0
576,bitmax.io,0.652019002,20496,197181,375836,,0,0
396,www.a10.com,0.883233533,22861,39378,527715,31293,1,0
190,www.appchina.com,1.602,24129,,292000,247670,1,0
577,notes.io,0.650698603,25989,434288,,94115,0,0
44,io-games.io,4.453591017,27483,,,84543,1,0
29,www.io-games.io,5.409198718,27483,,,84543,1,0
331,www.kiloo.com,0.992907801,28077,262030,22410,34274,1,0
544,www.wada-ama.org,0.70212766,29800,7266,508980,100952,0,0
1,iogames.space,104.9525906,31349,472675,111574,10908,1,0
150,www.iogames.space,1.785,31349,472675,111574,10908,1,0
28,wax.io,5.410179641,31814,137479,831170,,0,0
372,bonk.io,0.911177645,33252,,548024,14467,0,1
362,shellshock.io,0.924349882,35702,694603,120522,,0,1
121,www.gamessumo.com,1.946,35873,631305,371411,26365,1,0
125,padsreds.com,1.921985816,35988,,229815,,0,0
182,www.hackedonlinegames.com,1.617453094,36493,567765,617292,,1,0
139,papasgames.io,1.833741069,36727,,,,0,0
356,exp.gg,0.93144208,38823,641791,447622,,0,0
229,www.girlgames.com,1.419161677,39461,179596,571322,,1,0
368,www.deeeep.io,0.914489311,39706,967424,483069,28139,0,1
135,deeeep.io,1.857901219,39706,967424,483069,28139,0,1
127,yohoho.io,1.9153183,40126,,461877,,0,1
23,iogames.live,5.75364008,40366,,,,1,0
163,flappybird.io,1.710663005,42507,420715,,60218,0,0
167,narwhale.io,1.677029812,42823,,924666,48018,0,1
100,www.slither-io.com,2.428878585,43801,,,47030,1,0
420,www.lordz.io,0.853427896,44030,,,,0,1
562,frame.io,0.673396675,44174,69751,208309,17809,0,0
536,www.mousebreaker.com,0.716566866,44365,58907,,35317,1,0
166,arcadespot.com,1.704669047,44407,286187,363463,18829,1,0
188,starblast.io,1.602277714,45608,980137,875804,90491,0,1
524,www.bitgames.io,0.732779097,49003,,744032,375067,0,0
401,gota.io,0.871257485,51155,,476539,89931,0,1
636,playjolt.com,0.558882236,52588,,463788,,1,0
742,www.smashingmagazine.com,0.397205589,52653,1064,256291,11564,0,0
550,www.block.io,0.687648456,53030,459581,,252571,0,0
213,www.freewebarcade.com,1.507984032,55453,86471,,49324,1,0
440,www.cnplugins.com,0.838,55694,337358,,,0,0
747,tray.io,0.387173397,58225,539236,,,0,0
828,socket.io,0.267220903,60227,22594,222502,186214,0,0
342,www.siteleaks.com,0.973,60672,,,54173,0,0
647,egghead.io,0.540918164,62050,55164,701819,69887,0,0
339,www.funnygames.org,0.977,67281,500109,,242828,1,0
219,hackaday.io,1.491228944,68436,11672,410667,18165,0,0
413,buildroyale.io,0.860520095,71788,,510488,,0,1
604,www.gmz88.com,0.615,72073,187099,,164068,0,0
15,zombs.io,7.161208218,72366,990550,552712,,0,1
133,wormax.io,1.868574907,73339,524462,161959,63903,0,1
904,newsmaven.io,0.162674651,74096,17485,725542,,0,0
624,playrust.io,0.571856287,76914,795807,,77364,0,1
520,www.horse-games.org,0.738522954,78370,672877,,198775,0,0
348,stomped.io,0.962075848,78441,,,,0,0
18,www.bestgames.com,7.055,84547,309208,292030,16342,0,1
443,www.bubblebox.com,0.835,85094,119858,,35317,1,0
381,agma.io,0.900199601,85440,,405890,,0,1
293,www.funnygames.nl,1.179669031,85896,103285,,205937,1,0
559,bitcasino.io,0.67695962,92032,144864,,233327,0,0
495,www.yoob.com,0.771971496,93056,,,,1,0
9,www.gamesfreak.net,11.92683034,95318,283469,,,1,0
69,fightz.io,3.281380501,97097,,920808,,0,1
308,brumadinho.mg.gov.br,1.11820331,97103,,,,0,0
222,luckygames.io,1.470963062,108778,455041,520510,,0,0
795,www.appacademy.io,0.313539192,111990,524674,,36325,0,0
246,slithere.com,1.341317365,114573,,,113504,1,0
345,www.videogamer.com,0.968063872,114583,13094,355913,41740,0,0
49,wings.io,4.128855394,115899,601605,517662,53165,0,1
189,lordz2.io,1.602121997,121390,,,,0,1
431,www.fanfreegames.com,0.846,121800,589175,,70511,1,0
715,www.mariogames.be,0.429141717,122343,420166,648964,89346,0,0
557,www.playhub.com,0.680522565,122957,533514,,,1,0
313,www.freegames66.com,1.106382979,126150,624196,57724,,1,0
659,gc.com,0.511976048,127626,69801,20824,10642,0,0
137,zlap.io,1.847293536,136686,,,151952,0,1
33,www.cargames.com,5.161580838,142279,483861,379226,,1,0
428,oyungemisi.com,0.848699764,142433,783828,,,0,0
1018,www.droidgamers.com,0.011820331,143099,116204,,157905,0,0
13,www.bgames.com,8.02716598,143148,225427,,31290,1,0
450,thegamerstop.com,0.829,144955,670902,,84972,1,0
156,swordz.io,1.753669965,151999,,,,0,1
60,flowlab.io,3.628632309,155069,,,129378,0,0
41,www.modd.io,4.621972263,156125,,798949,,1,0
387,fnd.io,0.891755681,156629,771510,,366170,0,0
67,www.games.fm,3.352506986,160251,,,340762,1,0
147,miniroyale.io,1.787142028,164281,,,,0,1
498,superhex.io,0.768321513,166329,826582,946010,,0,1
386,starve.io,0.893617021,169005,907907,642678,,0,1
357,www.starve.io,0.931137725,169005,907907,642678,,0,1
358,doblons.io,0.930139721,173714,,,161997,0,1
868,www.nic.io,0.211401425,185006,392739,154414,365050,0,0
346,pikes.io,0.966903073,193113,,,,0,1
320,www.buildbox.com,1.066193853,194247,,,92863,0,0
70,titotu.io,3.21572769,202069,786046,360115,,1,0
256,flaap.io,1.30738523,204215,,,,0,1
259,wanderers.io,1.300236407,206222,,,,0,1
169,www.gamesxl.com,1.662674651,216711,497567,,59701,1,0
262,www.speed.io,1.285097264,239696,196162,,273824,0,0
111,hordes.io,2.124812587,240946,,,142144,0,0
53,agarabi.com,3.814371257,246956,,,384227,0,1
714,clubapk.com,0.430139721,247238,227662,,,0,0
393,www.obfog.com,0.884231537,250468,,,157695,1,0
106,brutal.io,2.267677411,252573,,,115218,0,1
364,bois.io,0.923153693,266882,,,,0,1
31,unblock-games.com,5.372255489,268032,,,,1,0
507,either.io,0.750499002,268427,,,40206,0,0
432,www.guessing.io,0.845309381,292051,,,,0,1
500,iogames.pro,0.763657957,292987,,,,1,0
486,www.objc.io,0.783433134,295960,118538,,327104,0,0
265,playingcards.io,1.264471058,296758,,,,0,1
231,secrethitler.io,1.408183633,298084,,,,0,1
797,www.sjgames.com,0.309976247,298425,20263,,32824,0,0
399,gartic.io,0.874704492,308006,,664894,,0,1
204,victorzhou.com,1.546099291,314892,790690,,,0,0
50,www.voodoo.io,4.085073558,319430,390962,13931,178588,0,0
479,brofist.io,0.791417166,337340,,,,0,1
26,a99.io,5.533917912,354415,,,,1,0
172,bruh.io,1.653692615,360478,,,,0,1
552,www.coolmath-online.com,0.683632735,363999,,,,1,0
236,egg.io,1.394211577,367738,,,,0,0
112,gameshelf.github.io,2.123752495,371276,,,,0,0
14,www.gamesonly.com,7.390135577,371278,,,145179,1,0
34,io.games,5.000205753,376300,,,,1,0
424,sciencefiction.com,0.85106383,392736,67771,,24476,0,0
416,www.snakeisland.io,0.858156028,394586,,,,0,1
91,wilds.io,2.642005808,403276,,,268943,0,1
483,www.cellcraft.io,0.785035629,433141,,,312817,0,1
693,thegrid.io,0.462075848,437673,157735,,349896,0,0
767,smartiolabs.com,0.361277445,462551,,,,0,0
89,devast.io,2.649509492,486324,,,,0,1
510,www.domainstate.com,0.746506986,496468,377448,,,0,0
115,yorg.io,2.052349202,532498,,,,0,1
104,lord-io.com,2.326603325,532799,,,,1,0
179,keygames.com,1.622302522,536229,451566,,81987,1,0
51,phaser.io,4.066104033,539441,67617,,131999,0,0
590,igre.games,0.631828979,548528,,,,1,0
627,www.vitalitygames.com,0.567864271,549373,342475,464549,186830,1,0
355,oceanar.io,0.934131737,559739,,,280755,0,1
73,www.ioi.dk,3.087675074,564120,77426,302713,,0,0
591,petridish.pw,0.630738523,579714,,,312948,0,1
445,www.gamezhero.com,0.832,580637,110486,603303,,1,0
615,myfreegames.net,0.589820359,585331,,,,1,0
194,kugeln.io,1.592042865,586303,,,,0,1
673,www.freegameplanet.com,0.49500998,586360,736632,,69603,0,0
506,cavegame.io,0.754137116,596602,,,,0,1
566,alphamega.com.ar,0.669030733,603429,427967,,,0,0
1013,epicgaming.xyz,0.016548463,605388,,,,0,0
164,cursors.io,1.706363994,639825,,,159912,0,1
363,shootz.io,0.924151697,642438,,,,0,1
74,slots.io,3.002870743,683033,724935,,,0,0
258,www.gameslist.com,1.300593587,687352,528478,,212771,0,0
197,cmgames.io,1.576782302,696545,319288,,,1,0
370,spinz.io,0.912175649,702226,994426,,,0,1
365,tanksmith.io,0.921157685,702481,,,,0,1
199,tankwars.io,1.564585793,702482,,,312948,0,1
298,crazygamescom.com,1.165668663,704998,,,,1,0
665,appery.io,0.504750594,715271,253851,662865,126778,0,0
567,hitman.com,0.668646081,744112,47312,,178006,0,0
277,dynast.io,1.231678487,760984,,,,0,1
40,iogames.army,4.622149298,764882,,,,1,0
476,iounblocked.us,0.796912114,764887,,,,1,0
107,supegames.com,2.201871791,772208,,,,1,0
113,unblocked-io-games.com,2.085124288,773769,,,,0,0
462,mod.io,0.815369261,777764,,335341,,0,0
78,www.allgames.io,2.933373159,778998,,,126778,0,0
384,dreamdata.io,0.895209581,786409,,,,0,0
654,iogameslist.org,0.520190024,789487,,,142144,0,0
101,drillz.io,2.428143713,809204,,,,0,0
388,foes.io,0.891217565,811825,,,106990,0,0
519,www.innogames.com,0.739904988,815575,115975,223700,28477,0,0
149,playgamesio.net,1.785429142,826971,,773051,,0,0
47,iogame.zone,4.346218684,843424,,,,0,0
376,gamedevacademy.org,0.905437352,864183,,,95485,0,0
379,defly.io,0.90070922,879086,,,,0,0
288,egamers.io,1.197829993,879952,,,,0,0
281,www.thelast.io,1.21749409,890500,,,,0,0
2,zh.y8.com,29.14,,,358945,,0,0
5,apps.apple.com,20.95869461,,155,857,,0,0
6,www.battlegames.io,17.425,,,,,0,0
7,iogamez.net,16.98868368,,,,,0,0
11,k2t2.com,9.388025787,,,,394424,0,0
12,isiogames.com,8.326597309,,,,,0,0
17,www.iogames4u.com,7.137362352,,,,442393,0,0
22,www.app.io,5.987025948,,968182,,,0,0
25,store.steampowered.com,5.712088815,,480,3943,,0,0
27,en.dusoyun.com,5.523952096,,,,,0,0
30,iogames.org,5.390859754,,,,,0,0
32,iogames.fun,5.315635252,,,,,0,0
35,bo.game.io,4.759481038,,,,,0,0
36,www.iogamegames.com,4.727123255,,,,,0,0
37,fisp.io,4.719347343,,,,,0,0
42,shaymakesgames.itch.io,4.598802395,,,,,0,0
43,iogames.top,4.458631431,,,,327104,0,0
48,playmmo.io,4.245329055,,,,,0,0
54,agar.games,3.785505,,,,,0,0
55,iogames-space.com,3.749918216,,,,,0,0
57,m.games.fm,3.661,,,,,0,0
59,vertix-io.com,3.649700599,,,,293156,0,0
61,books.google.com.au,3.58392435,,,,,0,0
63,agariogame.tumblr.com,3.533932136,,,,,0,0
64,blog.flappybird.io,3.483033932,,,,,0,0
65,www.meemee.net,3.46,,,,,0,0
68,unblockediogames.com,3.300937318,,,,,0,0
71,io-games.zone,3.180712327,,,,,0,0
76,iogamescom.com,2.943502544,,,,,0,0
77,www.iogames.us,2.934499206,,,,,0,0
79,iogamesworld.com,2.916731857,,,,,0,0
80,en.wikipedia.org,2.913279823,,12,2892,,0,0
81,iogames.best,2.879101654,,,,,0,0
83,www.alliogames.net,2.847763478,,,,391965,0,0
87,goons.io,2.708250957,,,,,0,0
88,scratch.mit.edu,2.695035461,,,48759,,0,0
92,finji.itch.io,2.598724167,,,,,0,0
93,www.game-io.com,2.588959848,,,,,0,0
94,www.gamesbutler.com,2.551377056,,686359,,84966,0,0
97,www.io-games.co,2.488789642,,,,,0,0
98,iospace.games,2.488211226,,,,,0,0
99,ioxgames.com,2.478750338,,,,,0,0
102,bestiogames.org,2.328879059,,,,,0,0
103,m.ourplay.net,2.328,,,,,0,0
108,anduogames.itch.io,2.188497115,,,,,0,0
109,slitheriogameplay.com,2.14019467,,,,375067,0,0
110,tankar.io,2.127467156,,,,383587,0,0
114,unblockediogames.net,2.075333893,,,,,0,0
116,kenney.itch.io,2.050898204,,,,,0,0
117,www.iogamesspace.org,2.049665515,,,,,0,0
118,www.gamesonline.fm,2.01996008,,,,349677,0,0
120,yourgames.io,1.970209225,,,,,0,0
122,cool-io.games,1.938422443,,,,,0,0
123,www.diep-io.org,1.934823939,,,,,0,0
124,happysnakegames.itch.io,1.933185885,,,,,0,0
128,didgames.itch.io,1.898307897,,,,,0,0
129,shliter-io.com,1.898203593,,,,420797,0,0
130,gamesbx.com,1.888256741,,,,,0,0
131,lunarisgames.itch.io,1.88723029,,,,,0,0
132,iogames.vip,1.883894918,,,,,0,0
134,buggames.itch.io,1.858217058,,,,,0,0
138,caygames.com,1.838302018,,254694,,,0,0
141,www.iogames.in,1.815257845,,,,,0,0
143,iogames8.com,1.806655098,,,,,0,0
144,www.iogamesx.com,1.806036383,,,,,0,0
146,iogames0.com,1.790257964,,,,,0,0
148,limax.io,1.785552242,,979393,,213310,0,0
151,nend.io,1.775449102,,,,,0,0
152,play.google.com,1.770119336,,20,116,,0,0
153,bomby.io,1.765945544,,,,,0,0
155,iogames.center,1.755337306,,,,,0,0
157,aviogames.com,1.752103868,,,,,0,0
158,papergames.io,1.73752495,,,,,0,0
159,paperio.org,1.726404673,,,,,0,0
160,www.diepiounblocked.com,1.722706606,,,,,0,0
161,blackthornprod-games.itch.io,1.719129437,,,,,0,0
162,www.iogamesio.com,1.711624257,,,,,0,0
168,chrome.google.com,1.673758865,,143,6496,,0,0
170,www.wingsiogame.com,1.660605155,,,,,0,0
171,pc-mobile-games.com,1.655406527,,,,,0,0
173,sukebangames.itch.io,1.64996136,,,,,0,0
174,www.hexar.io,1.646734899,,,,,0,0
176,improbable.io,1.63636254,,164778,,199174,0,0
177,www.onlinegames.io,1.634408143,,,,,0,0
178,piranh.io,1.631703339,,,,341508,0,0
180,sites.google.com,1.618762475,,47,7962,,0,0
181,shellshock-io.org,1.617890111,,,,,0,0
183,mudwars.io,1.615768463,,,,394424,0,0
184,tinstargames.itch.io,1.614542886,,,,,0,0
185,snix.io,1.610849224,,,,,0,0
186,legendex-games.itch.io,1.605250307,,,,,0,0
187,deemo.io,1.60342972,,,,,0,0
191,slitherio2.com,1.600625353,,,,366170,0,0
192,www.iogamescraze.com,1.592814371,,,,,0,0
195,yp.scmp.com,1.589551394,,,820475,,0,0
196,www.makeupgames.info,1.581836327,,,,393096,0,0
198,io-games.itch.io,1.571974882,,,,,0,0
200,zombs-io.net,1.555214986,,,,,0,0
201,vanar.io,1.554596271,,,,417567,0,0
202,skribbl-io.com,1.55,,,,,0,0
205,www.allmathsgames.com,1.541916168,,,,,0,0
206,smashers.io,1.536359904,,,,,0,0
207,mopeio.org,1.532934132,,,,,0,0
208,unblocked-games.io,1.522650661,,,,,0,0
209,omiyagames.itch.io,1.521441805,,,,,0,0
210,ninja.io,1.516817429,,,,,0,0
211,awkwardsilencegames.itch.io,1.508823209,,,,,0,0
212,alastor-games.itch.io,1.507993514,,,,,0,0
214,biters.io,1.504211435,,,,,0,0
215,spacesymbols.io,1.497005988,,,,,0,0
216,kyleseeley23.itch.io,1.493862631,,,,,0,0
217,warin.space,1.492011227,,,,327104,0,0
218,loaded-games.itch.io,1.49129769,,,,,0,0
220,glitchgames.itch.io,1.484050901,,,,,0,0
221,yeehaw-games.itch.io,1.480009103,,,,,0,0
223,ansitygames.itch.io,1.463493441,,,,,0,0
224,repulse-games.itch.io,1.461601737,,,,,0,0
225,x1p.com,1.44253803,,,,,0,0
226,kronbits.itch.io,1.440584389,,,,,0,0
227,www.gamepost.com,1.431137725,,428847,,209554,0,0
228,gravitygame.io,1.425149701,,,,,0,0
230,argent-games.itch.io,1.413597982,,,,,0,0
232,iogames.rip,1.406187625,,,,,0,0
233,www.the100.io,1.402238279,,,,41536,0,0
234,zombsroyale-io.net,1.400199601,,,,,0,0
235,deadlycrowgames.itch.io,1.396840523,,,,,0,0
237,southpawgames.itch.io,1.392215569,,,,,0,0
238,dave-microwaves-games.itch.io,1.380220903,,,,,0,0
239,www.agariogame.com,1.379405085,,,,384100,0,0
240,www.playplay.io,1.367938707,,,,,0,0
241,radiatoryang.itch.io,1.359864594,,,,,0,0
242,nightpoint.io,1.35746238,,,,,0,0
243,ertal-games.itch.io,1.349984117,,,,,0,0
244,gleamplay.com,1.349301397,,,958606,375067,0,0
245,forum.playcanvas.com,1.342789598,,,,,0,0
247,wingsioplay.net,1.336327345,,701993,,,0,0
248,mobg.io,1.3356974,,,,,0,0
249,www.bagario.net,1.33515392,,,,,0,0
250,ypressgames.itch.io,1.33425548,,,,,0,0
251,belt.io,1.333546683,,,,,0,0
252,dotz.io,1.330969267,,,,,0,0
253,addons.mozilla.org,1.326241135,,,2889,,0,0
254,cooliogames.com,1.321430773,,,,,0,0
255,www.gun.io,1.316860341,,206898,,168673,0,0
257,solarviews.com,1.30239521,,25394,,122923,0,0
260,www.slitherioplay.com,1.298403194,,,,,0,0
261,echodog-games.itch.io,1.297808184,,,,,0,0
263,support.google.com,1.278959811,,,6128,,0,0
264,concretegames.itch.io,1.265898132,,,,,0,0
266,whalesandgames.itch.io,1.258904993,,,,,0,0
268,charlotte-hornets1.rover.io,1.253493014,,,,,0,0
271,blobie.io,1.245862884,,,,,0,0
272,acesgames.itch.io,1.244510978,,,,,0,0
273,psionicgames.itch.io,1.239094258,,,,,0,0
274,www.funnygames.ie,1.236406619,,,,,0,0
275,slim-games.itch.io,1.23582052,,,,,0,0
276,gbpatch.itch.io,1.233765249,,,,,0,0
278,wingsio0.com,1.221108851,,180930,,,0,0
279,surviveio.com,1.219560878,,,,,0,0
280,yy-games.itch.io,1.217756885,,,,,0,0
282,sliteriogame.com,1.216566866,,,,,0,0
283,www.atari.io,1.214582711,,924829,,,0,0
284,funny.io,1.214570858,,,,,0,0
285,warbot.io,1.210401891,,,,,0,0
286,livinghoem.cluster027.hosting.ovh.net,1.203309693,,,,,0,0
287,redcoffeegames.itch.io,1.203215896,,,,,0,0
289,m.crazygames.com,1.194153664,,,413135,,0,0
290,www.hoodamathgame.com,1.188622754,,,,,0,0
291,riverhousegames.itch.io,1.182897862,,,,,0,0
292,sisyphean-games.itch.io,1.180522565,,,,,0,0
294,laredgames.itch.io,1.177317574,,,,,0,0
295,happybackwards.itch.io,1.173652695,,,,,0,0
296,notome-games.itch.io,1.17260728,,,,,0,0
297,rdein.itch.io,1.170630236,,,,,0,0
299,ixelgames.itch.io,1.157027987,,,,,0,0
300,akuparagames.itch.io,1.135600533,,,,,0,0
301,gamesbyangelina.itch.io,1.134043078,,,,,0,0
302,space.agario.monster,1.133732535,,,,,0,0
303,aethericgames.itch.io,1.130221742,,,,,0,0
304,eekgames.itch.io,1.129133657,,,,,0,0
305,danielsnd.itch.io,1.129043576,,,,,0,0
306,narwhaleio.info,1.128742515,,,,420797,0,0
307,eduweb.itch.io,1.127426857,,,,,0,0
309,alias.io,1.111776447,,,,,0,0
310,tangramgames.itch.io,1.110669398,,,,,0,0
311,technoweb.io,1.108782435,,,,,0,0
312,blendogames.itch.io,1.106613377,,,,,0,0
314,ohmaigawd.itch.io,1.095808383,,,,,0,0
315,gossamergames.itch.io,1.079840319,,,,,0,0
316,polclarissou.itch.io,1.077844311,,,,,0,0
317,kubigames.itch.io,1.076746744,,,,,0,0
318,hanakogames.itch.io,1.071718795,,,,,0,0
319,managore.itch.io,1.066866267,,,,,0,0
321,www.agar-io.us,1.064931894,,,,,0,0
322,www.geography.io,1.064870259,,,,,0,0
323,transolar-games.itch.io,1.059470133,,,,,0,0
326,html5-games.github.io,1.038068756,,,,,0,0
327,weeklygamejam.itch.io,1.01996008,,,,,0,0
328,www.hotunblockedgames.com,1.017964072,,,,,0,0
329,blog.bitsrc.io,1.00499002,,,,,0,0
330,breakonacloud.com,0.997635934,,,,,0,0
332,m.silvergames.com,0.988,,,,,0,0
333,www.io-unblocked.com,0.986646659,,,,,0,0
334,belamessex.itch.io,0.986027944,,,,,0,0
337,m.oyunlar1.com,0.978723404,,,,,0,0
338,killmondaygames.itch.io,0.977086208,,,,,0,0
340,www.miniclip.cc,0.974,,,,382384,0,0
341,www.copter.io,0.973053892,,,,,0,0
343,www.y8games.games,0.97,,,,,0,0
347,subsense.io,0.962174941,,869262,,,0,0
349,5.45.79.15,0.955082742,,,,,0,0
350,antwar.io,0.954091816,,,,,0,0
351,www.s0urce.io,0.951097804,,,,,0,0
353,krunt.io,0.94510978,,,,,0,0
354,cheesemaster-games.itch.io,0.934480208,,,,,0,0
359,djyq.praxisaltesforsthaus.de,0.929078014,,,,,0,0
360,www.gameref.io,0.928143713,,,,,0,0
361,antiquity-games.itch.io,0.925867979,,,,,0,0
366,aqualuftgames.itch.io,0.919121377,,,,,0,0
367,fly.customer.io,0.918163673,,,,,0,0
369,facepunch.io,0.912529551,,,,,0,0
371,cutgarnetgames.itch.io,0.912175649,,,,,0,0
373,windmillgames.itch.io,0.910618194,,,,,0,0
374,www.io-games.site,0.908072217,,,,,0,0
375,iogamesz.com,0.90736342,,,,,0,0
377,blobgame.io,0.903073286,,,,,0,0
378,iogames.party,0.902612827,,,,,0,0
380,playio.space,0.90023753,,,,,0,0
382,minigiants.io?v=1.0.46,0.898345154,,,,,0,0
389,driftin.io,0.890219561,,,,286695,0,0
391,battleboats.io,0.885985748,,,,,0,0
392,vanadium.github.io,0.885108643,,,,,0,0
394,pwqg.liftservicealberio.it,0.884160757,,,,,0,0
397,www.iogamemaker.com,0.879241517,,,,,0,0
398,sworm.io,0.876247505,,,,,0,0
400,hide-io.org,0.874251497,,,,,0,0
402,lovegames.itch.io,0.869600467,,,,,0,0
404,iogamesnow.com,0.867612293,,,,,0,0
405,www.braains-io.com,0.865269461,,,,,0,0
406,deadlockempire.github.io,0.865269461,,,,,0,0
407,copter.io,0.865248227,,,,,0,0
408,www.facepunch.io,0.864608076,,,,,0,0
409,skribbl-io.org,0.863420428,,,,,0,0
410,painty.io,0.863273453,,,,,0,0
411,slitherio-o.com,0.862232779,,241934,,373686,0,0
412,www.nitroclash.io,0.861277445,,,,,0,0
414,hypegames.com,0.86,,,,392309,0,0
415,www.gazpo.com,0.858669834,,116336,,334352,0,0
417,zone.msn.com,0.857482185,,,97159,,0,0
418,bongo.games,0.856294537,,,,,0,0
419,www.gameplanet.com.au,0.854291417,,400482,450696,,0,0
421,taeg.ru,0.853427896,,,,,0,0
422,puble.io,0.851297405,,,,,0,0
423,scared-square-games.itch.io,0.851295035,,,,,0,0
425,gungame.io,0.850299401,,,,,0,0
426,sou.9game.cn,0.85,,,,,0,0
429,ilovearcade.com,0.848,,,,,0,0
430,newrpg.com,0.847,,,,233605,0,0
433,arrow-io.com,0.844418052,,,,,0,0
434,robostorm.io,0.843971631,,,,,0,0
435,www.dailygame.net,0.843971631,,234331,,,0,0
436,vertix.io,0.843230404,,,,161997,0,0
437,www.6zar.com,0.841,,,,299544,0,0
438,www.70dir.com,0.84,,272428,,,0,0
439,fcwg.orispring.it,0.839243499,,,,,0,0
441,www.i6.com,0.837,,,327427,393840,0,0
442,8iz.com,0.836,,,,115383,0,0
444,gamesbx.org,0.832541568,,,,,0,0
446,zorb.io,0.831337325,,,,,0,0
448,www.daliwan.com.cn,0.83,,,,,0,0
449,gamescodedogs.itch.io,0.829341317,,,,,0,0
451,tutorials.webduino.io,0.828,,,,,0,0
453,en.gameslol.net,0.826347305,,,486907,,0,0
454,io-games-at.school,0.825415677,,,,,0,0
455,iogames.wiki,0.82304038,,,,,0,0
456,megaspin.io,0.822355289,,,,,0,0
457,regipio.com,0.822,,,,,0,0
458,www.regipio.com,0.821,,,,,0,0
459,elearning.castroconsultores.com,0.820330969,,,,,0,0
460,vrgames.io,0.815914489,,334168,,,0,0
463,benbean.openode.io,0.814371257,,,,,0,0
464,wxul.cafehahn-wiesbaden.de,0.808510638,,,,,0,0
465,iogamesfree.com,0.808383234,,,,,0,0
466,lordzio.net,0.806387226,,,,,0,0
467,www.slitheronline.com,0.804391218,,,,,0,0
468,lassogames.itch.io,0.803978741,,,,,0,0
469,lastcallwithcanalecomm.com,0.803782506,,,,,0,0
470,kartwars.io,0.80239521,,,,209554,0,0
471,creaky-stairs.itch.io,0.800098141,,,,,0,0
472,shooters.io,0.799401198,,,,,0,0
473,tvdl.irelunaabbigliamento.it,0.799054374,,,,,0,0
474,gameinnovationlab.itch.io,0.79740519,,,,,0,0
475,battleroyale.io,0.79740519,,,,,0,0
477,braainsio.net,0.79241517,,,,394424,0,0
478,some-games.itch.io,0.79216152,,,,,0,0
480,zomzom.io,0.789598109,,,,,0,0
481,evolvgames.itch.io,0.787410926,,,,,0,0
482,yotesgames.itch.io,0.785815542,,,,,0,0
484,arya-dp.com,0.784869976,,,,,0,0
485,www.krew.io,0.784869976,,,,147083,0,0
487,gunfight.io,0.780439122,,,,,0,0
488,heaps.io,0.780141844,,,,,0,0
489,korisu-club.jp,0.780141844,,348220,,,0,0
490,proudmomgames.itch.io,0.776447106,,,,,0,0
491,ssgames.itch.io,0.775449102,,,,,0,0
492,nitroclash.io,0.775413712,,,,,0,0
493,zlax.io,0.773049645,,,,,0,0
494,acja.kolping-jugend-marl.de,0.773049645,,,,,0,0
496,thing.io,0.768463074,,,,,0,0
497,ayiv.plconsulting.it,0.768321513,,,,,0,0
499,belowzerogames.itch.io,0.765964508,,,,,0,0
501,pelaaleikkia.com,0.763593381,,,,,0,0
502,bdle.belladonna-pedara.it,0.763593381,,,,,0,0
503,spritted.com,0.76128266,,592738,,262101,0,0
505,www.noobfeed.com,0.758865248,,429944,,84543,0,0
508,swordz-io.com,0.74750499,,,,,0,0
509,dvei.gliamicidelcaneblu.it,0.747044917,,,,,0,0
511,shittygames.itch.io,0.74584323,,,,,0,0
512,realgames.co,0.744510978,,,,,0,0
513,surviv-io.org,0.743512974,,,,,0,0
514,outbreakgames.itch.io,0.743467933,,,,,0,0
515,blockor-io.com,0.74251497,,,,373774,0,0
516,kovn.gliamicidelcaneblu.it,0.742316785,,,,,0,0
517,bonkio.net,0.741516966,,,,312817,0,0
518,mogar.io,0.740518962,,,,,0,0
522,www.lazerdrive.io,0.736342043,,,,394424,0,0
523,iogames.network,0.735154394,,,,,0,0
525,zombsio.net,0.730538922,,,,,0,0
527,jyyf.discoloveverona.it,0.730496454,,,,,0,0
528,sharkz.io,0.72754491,,,,394424,0,0
529,zyuq.consiglieraparitasalerno.it,0.725768322,,,,,0,0
530,coldwar.io,0.724465558,,,,,0,0
531,vikid-games.itch.io,0.72327791,,,,,0,0
532,io.agariotime.space,0.720902613,,,,,0,0
533,deeeepio.com,0.720558882,,,,392777,0,0
534,io-games.fandom.com,0.718676123,,,,,0,0
535,silvervalegames.itch.io,0.718200179,,,,,0,0
537,blog.jobis.co,0.713947991,,,,,0,0
538,diepio.org,0.710578842,,,,394424,0,0
539,m.appchina.com,0.709,,,,,0,0
540,rioro-games.itch.io,0.706650831,,,,,0,0
541,reclamajus.com.br,0.704491726,,432017,,,0,0
542,www.mopeiohacks.com,0.703592814,,,,,0,0
543,www.blong.io,0.703218267,,,,,0,0
545,www.dogar.net,0.700598802,,,,420797,0,0
546,ceip.waldgaststaette-bleichstetten.de,0.697399527,,,,,0,0
547,boxmountaingames.itch.io,0.694307347,,,,,0,0
548,slicer-io.com,0.689620758,,,,,0,0
549,hekg.texlab.it,0.687943262,,,,,0,0
551,io-games.wixsite.com,0.685579196,,,,,0,0
553,www.kichwanationarts.com,0.68321513,,,,,0,0
554,www.quizshow.io,0.682634731,,,,,0,0
555,moomooio.com,0.681636727,,,,,0,0
556,fortnite-io.com,0.680638723,,,,,0,0
558,iogamessite.wordpress.com,0.680281105,,,,,0,0
560,wormate-io.com,0.675771971,,,,,0,0
561,pamv.languagestudios.it,0.673758865,,,,,0,0
563,raft.itch.io,0.671656687,,,,,0,0
564,racing-clicker.github.io,0.670658683,,,,,0,0
565,ponder.itch.io,0.669833729,,,,,0,0
568,cuddlepitgames.itch.io,0.66152019,,,,,0,0
569,b7fz.brffyrtornet10.com,0.659574468,,,,,0,0
570,iogamesx.com,0.659574468,,,,,0,0
571,milesisepic.itch.io,0.659144893,,,,,0,0
572,gamecreator.io,0.655688623,,,,,0,0
573,meyaoi.itch.io,0.655581948,,,,,0,0
574,fly.io,0.653206651,,,,342011,0,0
575,www.qatarinvestlimited.com,0.65248227,,355871,,,0,0
578,springrollgames.itch.io,0.648456057,,,,,0,0
579,websym.com,0.647754137,,336347,,,0,0
580,haruspex-games.itch.io,0.64608076,,,,,0,0
581,w.itch.io,0.642517815,,,,,0,0
583,macek.github.io,0.640718563,,,,221070,0,0
584,iogames.plus,0.638297872,,,,,0,0
585,www.pixellovegames.com,0.637724551,,,,,0,0
586,slitherio.org,0.636726547,,,,161997,0,0
587,cozygamepals.itch.io,0.635728543,,,,,0,0
588,www.iogames.at,0.63356974,,,,,0,0
589,boardgame.io,0.633016627,,,,,0,0
592,www.free-games.net,0.63064133,,,,,0,0
593,www.dipe.io,0.629453682,,,,394424,0,0
595,cosmic-latte-games.itch.io,0.627078385,,,,,0,0
596,www.108game.com,0.626746507,,,,,0,0
597,morphcatgames.itch.io,0.625890736,,,,,0,0
598,narwhaleio.net,0.625748503,,,,,0,0
599,dashrava.itch.io,0.623515439,,,,,0,0
600,morph.io,0.622754491,,,,,0,0
601,gamesmq.itch.io,0.621140143,,,,,0,0
602,dotslashgames.itch.io,0.618764846,,,,,0,0
603,jagames.itch.io,0.6152019,,,,,0,0
605,zincalloy.itch.io,0.614014252,,,,,0,0
606,m.plonga.com,0.612293144,,,,,0,0
607,www.poker.io,0.604790419,,,,,0,0
608,www.potato.io,0.601796407,,,,349896,0,0
609,dr-whoop.itch.io,0.600798403,,,,,0,0
610,blog.cremedelacreme.io,0.600472813,,,,,0,0
611,chaozz.itch.io,0.596806387,,,,,0,0
612,bayat.itch.io,0.595011876,,,,,0,0
613,captaingames.itch.io,0.593812375,,,,,0,0
614,eigen.itch.io,0.591816367,,,,,0,0
616,randomgames.itch.io,0.58432304,,,,,0,0
617,powgames.itch.io,0.581947743,,,,,0,0
618,nickzangus.itch.io,0.581836327,,,,,0,0
619,game.io,0.57719715,,,,,0,0
620,gameio.games,0.576832151,,,,,0,0
621,xtev.eranoaltritempiapalermo.it,0.576832151,,,,,0,0
622,www.silvergamesunblocked.com,0.573634204,,,,,0,0
623,familyfestsf.com,0.572104019,,514404,,,0,0
625,checkio.org,0.570858283,,85462,,164068,0,0
626,ebullience-games.itch.io,0.56888361,,,,,0,0
628,armelgibson.itch.io,0.567695962,,,,,0,0
629,impromptu-games.itch.io,0.566508314,,,,,0,0
630,mg-games.itch.io,0.563872255,,,,,0,0
631,retroreloader.itch.io,0.562945368,,,,,0,0
632,zip.io,0.562874251,,,,,0,0
633,algames.itch.io,0.56175772,,,,,0,0
634,gm2construtora.com.br,0.560283688,,674834,,,0,0
635,milogames.itch.io,0.559382423,,,,,0,0
637,fancyfishgames.itch.io,0.554631829,,,,,0,0
638,www.spinnaker-rcnv.com,0.553191489,,218322,,,0,0
639,play.quantumgame.io,0.552894212,,,,,0,0
640,inugames.itch.io,0.549881235,,,,,0,0
641,samoatesgames.itch.io,0.548693587,,,,,0,0
642,symbol-games.itch.io,0.547505938,,,,,0,0
643,matausch.itch.io,0.545130641,,,,,0,0
644,strangethink.itch.io,0.54491018,,,,,0,0
645,gprosser.itch.io,0.543912176,,,,,0,0
646,splits.io,0.541567696,,,,184006,0,0
648,ghostknot-games.itch.io,0.536926148,,,,,0,0
649,events.google.com,0.530938124,,,,,0,0
650,jt-jg-games.itch.io,0.53087886,,,,,0,0
651,back-slash-games.itch.io,0.527944112,,,,,0,0
652,eggo-game.itch.io,0.526946108,,,,,0,0
653,ww1.slitherio.net,0.522954092,,,,,0,0
655,catalopegames.itch.io,0.516627078,,,,,0,0
656,www.arg-io.com,0.51543943,,,,,0,0
657,dmgregory.itch.io,0.513972056,,,,,0,0
658,illuminegames.itch.io,0.513064133,,,,,0,0
661,www.eatme.io,0.510688836,,,,375067,0,0
662,redpink-games.itch.io,0.508313539,,,,,0,0
663,iogames.ninja.yutubet.com,0.507125891,,,,,0,0
664,mattmakesgames.itch.io,0.505938242,,,,,0,0
666,tapehead-co.itch.io,0.503562945,,,,,0,0
667,systemic-games.itch.io,0.502375297,,,,,0,0
668,kinmoku.itch.io,0.501996008,,,,,0,0
669,copychaser.itch.io,0.501187648,,,,,0,0
670,factoryio.com,0.500998004,,342417,,,0,0
671,allgames.io.cutercounter.com,0.498812352,,,,,0,0
672,iogamez.com,0.495249406,,,,420797,0,0
674,pierrec.itch.io,0.494011976,,,,,0,0
675,kyatt7.itch.io,0.491686461,,,,,0,0
676,amanita-design.net,0.487025948,,36642,,140680,0,0
677,cerealbox-games.itch.io,0.486935867,,,,,0,0
678,teh-ultima-games.itch.io,0.486027944,,,,,0,0
679,www.aro.io,0.482035928,,,,,0,0
680,diepio.net,0.48003992,,,,,0,0
681,rastergames.itch.io,0.478622328,,,,,0,0
682,kitfoxgames.itch.io,0.477434679,,,,,0,0
683,blog.gamesight.io,0.4750499,,,,,0,0
684,qbitgames.itch.io,0.472684086,,,,,0,0
686,elv-games.itch.io,0.470308789,,,,,0,0
687,mt-games.itch.io,0.46912114,,,,,0,0
688,tak.itch.io,0.467065868,,,,,0,0
689,armakono.itch.io,0.465558195,,,,,0,0
690,mayjah-games.itch.io,0.464370546,,,,,0,0
691,emberheartgames.itch.io,0.463182898,,,,,0,0
692,www.indiez.io,0.463073852,,,,,0,0
694,shotoutgames.itch.io,0.461995249,,,,,0,0
695,www.teak.io,0.460807601,,,,,0,0
696,dr-d-king.itch.io,0.459081836,,,,,0,0
697,lplgames.itch.io,0.457244656,,,,,0,0
698,jl-games.itch.io,0.457085828,,,,,0,0
699,etterstudio.itch.io,0.456087824,,,,,0,0
700,sophieh.itch.io,0.45508982,,,,,0,0
701,gerudumgames.itch.io,0.454869359,,,,,0,0
702,ugb-games.itch.io,0.451306413,,,,,0,0
703,peakymidwest.itch.io,0.446555819,,,,,0,0
704,yodasaurus-games.itch.io,0.445368171,,,,,0,0
705,m23bobgames.itch.io,0.444180523,,,,,0,0
706,skobbejakgames.itch.io,0.441805226,,,,,0,0
707,dinomage.itch.io,0.43824228,,,,,0,0
708,quickfiregames.itch.io,0.437125749,,,,,0,0
709,echo-games.itch.io,0.437054632,,,,,0,0
710,appsgames.itch.io,0.435866983,,,,,0,0
711,tb-games.itch.io,0.434679335,,,,,0,0
712,weihangkhoo.itch.io,0.433133733,,,,,0,0
713,www.slitheriounblockedgames.com,0.43111639,,,,,0,0
716,paperiogames.blogspot.com,0.428143713,,,,,0,0
717,phosphorus.github.io,0.427553444,,,,293156,0,0
718,reboot-games.itch.io,0.425178147,,,,,0,0
720,rookbird-games.itch.io,0.423990499,,,,,0,0
721,wonderthing.itch.io,0.421615202,,,,,0,0
722,swat.io,0.421157685,,543719,,,0,0
723,paolo-fassin.itch.io,0.420427553,,,,,0,0
724,www.findgameslike.com,0.420159681,,,,,0,0
725,me-games.itch.io,0.419239905,,,,,0,0
726,tophats64-games.itch.io,0.414489311,,,,,0,0
727,wingsiogame09.blogspot.com,0.414171657,,,,,0,0
728,heavysheepgames.itch.io,0.413301663,,,,,0,0
729,calvein.github.io,0.413173653,,,,,0,0
731,iolanguage.org,0.410926366,,,,,0,0
732,miugames.itch.io,0.409738717,,,,,0,0
733,mystman12.itch.io,0.409181637,,,,,0,0
734,atgames.itch.io,0.408551069,,,,,0,0
735,rudder-games.itch.io,0.40736342,,,,,0,0
736,whitemask.itch.io,0.406175772,,,,,0,0
737,jasonxtoddred.tumblr.com,0.404988124,,,,,0,0
738,gameswithio.weebly.com,0.402612827,,,,,0,0
739,plantleaf-games.itch.io,0.401425178,,,,,0,0
740,reptoidgames.itch.io,0.399049881,,,,,0,0
741,wfhf-games.itch.io,0.397862233,,,,,0,0
743,juicybeast.itch.io,0.395486936,,,,,0,0
744,2xdgames.itch.io,0.394299287,,,,,0,0
745,lavalamp-games.itch.io,0.393111639,,,,,0,0
746,kemonogames.itch.io,0.388361045,,,,,0,0
748,dyagames.itch.io,0.385985748,,,,,0,0
749,czgames.itch.io,0.3847981,,,,,0,0
750,loaten-games.itch.io,0.383610451,,,,,0,0
751,blindmonkeygames.itch.io,0.383610451,,,,,0,0
752,allinit.com.au,0.381237525,,,,,0,0
753,levitatewindgames.itch.io,0.380239521,,,,,0,0
754,mopedgames.itch.io,0.380047506,,,,,0,0
755,kairosgames.itch.io,0.378859857,,,,,0,0
756,ludumdare.itch.io,0.377672209,,,,,0,0
757,shitty-games.itch.io,0.375296912,,,,,0,0
758,www.gameplay3d.io,0.372255489,,,,,0,0
759,iogames2.eklablog.com,0.371733967,,,,,0,0
760,people.io,0.370259481,,,,,0,0
761,www.agarioguide.com,0.369261477,,,,213156,0,0
762,invegegames.itch.io,0.368171021,,,,,0,0
763,dyari-games.itch.io,0.365795724,,,,,0,0
764,gridloss-games.itch.io,0.364608076,,,,,0,0
765,spaceship.io,0.364271457,,,,,0,0
766,maxime-alvarez.itch.io,0.363420428,,,,,0,0
768,ayamgorenggames.itch.io,0.359857482,,,,,0,0
769,fetagames.itch.io,0.357482185,,,,,0,0
770,ditto.itch.io,0.356294537,,,,,0,0
771,www.spacehopper.io,0.356287425,,,,,0,0
772,indeogames.itch.io,0.355106888,,,,,0,0
773,tanker.io,0.349168646,,,,404670,0,0
774,r8x-games.itch.io,0.347980998,,,,,0,0
775,lincolndoggames.itch.io,0.344418052,,,,,0,0
776,io-games.us.pixelwp.com,0.343230404,,,,,0,0
777,9now.nine.com.au,0.342315369,,,,,0,0
778,1devgames.itch.io,0.342042755,,,,,0,0
779,hyenygames.itch.io,0.339667458,,,,,0,0
780,foggames.itch.io,0.33847981,,,,,0,0
781,circle.io,0.337292162,,,,,0,0
782,1hpgames.itch.io,0.336104513,,,,,0,0
783,iogamesx.wordpress.com,0.333729216,,,,,0,0
784,primarygames.itch.io,0.332541568,,,,,0,0
785,crelos-games.itch.io,0.331353919,,,,,0,0
786,reframegames.itch.io,0.327790974,,,,,0,0
787,shikaka-games.itch.io,0.325415677,,,,,0,0
788,gnoe-games.itch.io,0.325415677,,,,,0,0
789,kusogames.itch.io,0.324228029,,,,,0,0
790,smilegamesstudio.itch.io,0.32304038,,,,,0,0
791,helskor-games.itch.io,0.320665083,,,,,0,0
792,aiden-games.itch.io,0.319477435,,,,,0,0
793,jakinaboxgames.itch.io,0.317102138,,,,,0,0
794,alanelwood-games.itch.io,0.314726841,,,,,0,0
796,recongames.itch.io,0.312351544,,,,,0,0
798,io-games.com,0.308788599,,,,,0,0
799,crawler-games.itch.io,0.30760095,,,,,0,0
800,contortionist-games.itch.io,0.306413302,,,,,0,0
801,dawooskhe-games.itch.io,0.305225653,,,,,0,0
802,gonso-games.itch.io,0.304038005,,,,,0,0
803,ajdgames.itch.io,0.302850356,,,,,0,0
804,josgames.itch.io,0.300475059,,,,,0,0
805,bighatgames.itch.io,0.295724466,,,,,0,0
806,grasswatch-games.itch.io,0.294536817,,,,,0,0
807,formersungames.itch.io,0.293349169,,,,,0,0
808,mark-telles-games.itch.io,0.29216152,,,,,0,0
809,tinybirdgames.itch.io,0.289786223,,,,,0,0
810,tanktot-games.itch.io,0.288598575,,,,,0,0
811,scriptoriumgames.itch.io,0.287410926,,,,,0,0
812,4wake-games.itch.io,0.286223278,,,,,0,0
813,akarlo23games.itch.io,0.285035629,,,,,0,0
814,drop-dead-studios.itch.io,0.283847981,,,,,0,0
815,novanetworkgames.itch.io,0.282660333,,,,,0,0
816,fire-games.itch.io,0.281472684,,,,,0,0
817,cellar-vault-games.itch.io,0.280285036,,,,,0,0
818,playdev-games.itch.io,0.279097387,,,,,0,0
819,ri-games.itch.io,0.277909739,,,,,0,0
820,iogamesspace.weebly.com,0.27672209,,,,,0,0
821,drifttechgames.itch.io,0.275534442,,,,,0,0
822,qualestory-games.itch.io,0.274346793,,,,,0,0
823,www.gondola.io,0.273159145,,,,,0,0
824,angrycyborggames.itch.io,0.271971496,,,,,0,0
825,workaroundgames.itch.io,0.270783848,,,,,0,0
826,snowly-games.itch.io,0.2695962,,,,,0,0
827,stonegiantgames.itch.io,0.268408551,,,,,0,0
829,spinfoam-games.itch.io,0.266033254,,,,,0,0
830,2d-guys.itch.io,0.263657957,,,,,0,0
831,5yengames.itch.io,0.262470309,,,,,0,0
832,maykangames.itch.io,0.26128266,,,,,0,0
833,samgelgames.itch.io,0.260095012,,,,,0,0
834,ghash.io,0.258907363,,676084,,420797,0,0
835,brandnew.io,0.257719715,,,,,0,0
836,forlorne-games.itch.io,0.256532067,,,,,0,0
837,naccer-games.itch.io,0.255344418,,,,,0,0
838,gamoligames.itch.io,0.252969121,,,,,0,0
839,halfpastgames.itch.io,0.251781473,,,,,0,0
840,crosshair-games.itch.io,0.250593824,,,,,0,0
841,feronygames.itch.io,0.248218527,,,,,0,0
842,www.flitch.io,0.247030879,,,,,0,0
843,conexin.com.br,0.245862884,,,,,0,0
844,kericksongames.itch.io,0.24584323,,,,,0,0
845,pvhdgames.itch.io,0.243467933,,,,,0,0
846,mosessunny.itch.io,0.242280285,,,,,0,0
847,ziedjebali.itch.io,0.241092637,,,,,0,0
848,mapgames.itch.io,0.239904988,,,,,0,0
849,feljon-games.itch.io,0.23871734,,,,,0,0
850,silvertalegames.itch.io,0.237529691,,,,,0,0
851,arashigames.itch.io,0.236342043,,,,,0,0
852,fathoms.itch.io,0.233966746,,,,,0,0
853,urbanlogicgames.itch.io,0.232779097,,,,,0,0
854,juzziigames.itch.io,0.231591449,,,,,0,0
855,blueempire-games.itch.io,0.2304038,,,,,0,0
856,marauder-games.itch.io,0.228028504,,,,,0,0
857,karvagames.itch.io,0.226840855,,,,,0,0
858,zarzilla-games.itch.io,0.225653207,,,,,0,0
859,triplefive-games.itch.io,0.22327791,,,,,0,0
860,aridogames.itch.io,0.222090261,,,,,0,0
861,mashtogames.itch.io,0.219714964,,,,,0,0
862,trilat-games.itch.io,0.218527316,,,,,0,0
863,galvanicgames.itch.io,0.217339667,,,,,0,0
864,mooseboygames.itch.io,0.216152019,,,,,0,0
865,arsilgames.itch.io,0.214964371,,,,,0,0
866,pages.github.com,0.213776722,,,424996,,0,0
867,majao-games.itch.io,0.212589074,,,,,0,0
869,newfa-games.itch.io,0.210213777,,,,,0,0
870,emqfgames.itch.io,0.209026128,,,,,0,0
871,lifelitgames.itch.io,0.20783848,,,,,0,0
872,fuutougames.github.io,0.206650831,,,,,0,0
873,gh-games.itch.io,0.205463183,,,,,0,0
874,deved-games.itch.io,0.204275534,,,,,0,0
875,ca-games.itch.io,0.203087886,,,,,0,0
876,panopticon-games.itch.io,0.201900238,,,,,0,0
877,firepitgames.itch.io,0.200712589,,,,,0,0
878,dolosgames.itch.io,0.199524941,,,,,0,0
879,crystal-games-studio.itch.io,0.198337292,,,,,0,0
880,doubleg-games.itch.io,0.197149644,,,,,0,0
881,ironchestgames.itch.io,0.195961995,,,,,0,0
882,ceylen-games.itch.io,0.194774347,,,,,0,0
883,slitheriogames.weebly.com,0.193586698,,,,,0,0
884,minitoongames.itch.io,0.190023753,,,,,0,0
885,bl0bfish-games.itch.io,0.188836105,,,,,0,0
886,psi-games.itch.io,0.187648456,,,,,0,0
887,wazagames.itch.io,0.186460808,,,,,0,0
888,otareo-games.itch.io,0.185273159,,,,,0,0
889,duriproduction-games.itch.io,0.184085511,,,,,0,0
890,nestedgames.itch.io,0.182897862,,,,,0,0
891,redman-games.itch.io,0.181710214,,,,,0,0
892,sarvigames.itch.io,0.180522565,,,,,0,0
893,npc42-games.itch.io,0.179334917,,,,,0,0
894,alora-games.itch.io,0.178147268,,,,,0,0
895,cfgq.praxisaltesforsthaus.de,0.177304965,,,,,0,0
896,5050games.itch.io,0.17695962,,,,,0,0
897,trashgames.itch.io,0.175771971,,,,,0,0
898,easypeazygames.itch.io,0.174584323,,,,,0,0
899,bravegames.itch.io,0.171021378,,,,,0,0
900,slackhead-games.itch.io,0.169833729,,,,,0,0
901,qx-games.itch.io,0.168646081,,,,,0,0
902,c0regames.itch.io,0.167458432,,,,,0,0
903,54-games.itch.io,0.166270784,,,,,0,0
905,allen-games.itch.io,0.160332542,,,,,0,0
906,respawngames.itch.io,0.159144893,,,,,0,0
907,rqyf.orispring.it,0.158392435,,,,,0,0
908,unnamed-games.itch.io,0.157957245,,,,,0,0
909,busy-games.itch.io,0.156769596,,,,,0,0
910,calega-games.itch.io,0.155581948,,,,,0,0
911,boundergames.itch.io,0.154394299,,,,,0,0
912,sp7-games.itch.io,0.153206651,,,,,0,0
913,upperechelongames.itch.io,0.150831354,,,,,0,0
914,pxgames.itch.io,0.149643705,,,,,0,0
915,greatbitgames.itch.io,0.148456057,,,,,0,0
916,kainas-games.itch.io,0.147268409,,,,,0,0
917,austins-games.itch.io,0.144893112,,,,,0,0
918,grossogames.itch.io,0.143705463,,,,,0,0
919,spolickgames.itch.io,0.142517815,,,,,0,0
920,dotcasualgames.itch.io,0.141330166,,,,,0,0
921,dethilluminatigames.itch.io,0.140142518,,,,,0,0
922,kami-games.itch.io,0.138954869,,,,,0,0
923,luke-games.itch.io,0.136579572,,,,,0,0
924,danser-games.itch.io,0.135391924,,,,,0,0
925,jok.io,0.133016627,,,,,0,0
926,legionworksgames.itch.io,0.131828979,,,,,0,0
927,jay-games.itch.io,0.13064133,,,,,0,0
928,io-games.weebly.com,0.125890736,,,,,0,0
929,karo-games.itch.io,0.124703088,,,,,0,0
930,ewap.plconsulting.it,0.122931442,,,,,0,0
931,muikingames.itch.io,0.122327791,,,,,0,0
932,biggorillagames.itch.io,0.121140143,,,,,0,0
933,twofriendswhomakegames.itch.io,0.119952494,,,,,0,0
934,deip.io,0.118764846,,,,81612,0,0
935,cookie-games.itch.io,0.117577197,,,,,0,0
936,zetaformgames.itch.io,0.117577197,,,,,0,0
937,roccat-games-studio.itch.io,0.116389549,,,,,0,0
938,whoisnoahgames.itch.io,0.1152019,,,,,0,0
939,bbdd-games.itch.io,0.114014252,,,,,0,0
940,hardai-games.itch.io,0.112826603,,,,,0,0
941,jaton24-games.itch.io,0.111638955,,,,,0,0
942,fruitbasket-games.itch.io,0.110451306,,,,,0,0
943,redsplatgames.itch.io,0.109263658,,,,,0,0
944,qa.iogames.space,0.108747045,,,,,0,0
945,poemdextergames.itch.io,0.10807601,,,,,0,0
946,yoagames.itch.io,0.105700713,,,,,0,0
947,mitorahgames.itch.io,0.103325416,,,,,0,0
948,rockwolfgames.itch.io,0.102137767,,,,,0,0
949,lazorun.itch.io,0.100950119,,,,,0,0
950,scorpion-games.itch.io,0.09976247,,,,,0,0
951,david-the-modder.itch.io,0.098574822,,,,,0,0
952,gheartgames.itch.io,0.097387173,,,,,0,0
953,peekian-games.itch.io,0.096199525,,,,,0,0
954,endut-games.itch.io,0.093824228,,,,,0,0
955,creeperbot65-games.itch.io,0.09263658,,,,,0,0
956,truthful-games.itch.io,0.091448931,,,,,0,0
957,rigidcoregames.itch.io,0.090261283,,,,,0,0
958,eclickgames.itch.io,0.089073634,,,,,0,0
959,www.spider.io,0.087885986,,575080,,,0,0
960,veselie-games.itch.io,0.086698337,,,,,0,0
961,wish-games.itch.io,0.085510689,,,,,0,0
962,hannya-games.itch.io,0.08432304,,,,,0,0
963,strykergames.itch.io,0.083135392,,,,,0,0
964,fritgames.itch.io,0.081947743,,,,,0,0
965,sourberry-games.itch.io,0.080760095,,,,,0,0
966,beardgames.itch.io,0.079572447,,,,,0,0
967,playerstate-games.itch.io,0.078384798,,,,,0,0
968,nawbut4realtho-games.itch.io,0.07719715,,,,,0,0
969,nargames.itch.io,0.076009501,,,,,0,0
970,minijunglegames.itch.io,0.074821853,,,,,0,0
971,wits-games.itch.io,0.073634204,,,,,0,0
972,coverfiregames.itch.io,0.072446556,,,,,0,0
973,chalkygames.itch.io,0.070071259,,,,,0,0
974,jcg-games.itch.io,0.066508314,,,,,0,0
975,kaziragames.itch.io,0.065320665,,,,,0,0
976,spitfire-games.itch.io,0.064133017,,,,,0,0
977,marmota-games.itch.io,0.062945368,,,,,0,0
978,grsegames.itch.io,0.06175772,,,,,0,0
979,shevchgames.itch.io,0.060570071,,,,,0,0
980,dev.iogames.space,0.056737589,,,,,0,0
981,wolf-eel-games.itch.io,0.055819477,,,,,0,0
982,squashed-games.itch.io,0.054631829,,,,,0,0
983,white-smoke-games.itch.io,0.053444181,,,,,0,0
984,lawsuit-games.itch.io,0.052256532,,,,,0,0
985,pandemia-games.itch.io,0.051068884,,,,,0,0
986,xenotrope-games.itch.io,0.047505938,,,,,0,0
987,candrungames.itch.io,0.04631829,,,,,0,0
988,exisgames.itch.io,0.045130641,,,,,0,0
989,milksop-games.itch.io,0.043942993,,,,,0,0
990,dumsorgames.itch.io,0.042755344,,,,,0,0
991,klustergames.itch.io,0.041567696,,,,,0,0
992,repogames.itch.io,0.039192399,,,,,0,0
993,junkgames.itch.io,0.038004751,,,,,0,0
994,ajgames.itch.io,0.034441805,,,,,0,0
995,geometric-games.itch.io,0.033254157,,,,,0,0
996,imperium-games.itch.io,0.032066508,,,,,0,0
997,scrymjimgames.itch.io,0.03087886,,,,,0,0
998,cyberlogicalgames.itch.io,0.029691211,,,,,0,0
999,dawnbeargames.itch.io,0.028503563,,,,,0,0
1000,jlgames.itch.io,0.027315914,,,,,0,0
1001,print.wedbox.de,0.026004728,,,,,0,0
1002,gonz-games.itch.io,0.024940618,,,,,0,0
1003,domino-games.itch.io,0.023752969,,,,,0,0
1004,fighting-wings-games.groups.io,0.022565321,,,,,0,0
1005,script-games.itch.io,0.022565321,,,,,0,0
1006,jellywaregames.itch.io,0.021377672,,,,,0,0
1007,7car.co.il,0.021276596,,,,,0,0
1008,sma.itch.io,0.020190024,,,,,0,0
1009,jackrabbitgames.itch.io,0.019002375,,,,,0,0
1010,awesse.be,0.01891253,,613351,,,0,0
1011,tunvior.github.io,0.017814727,,,,,0,0
1012,contraband-games.itch.io,0.016627078,,,,,0,0
1014,vpnc.itch.io,0.01543943,,,,,0,0
1015,primegames.itch.io,0.014251781,,,,,0,0
1016,iogames2018.com,0.014184397,,,,,0,0
1017,hypnotik-games.itch.io,0.013064133,,,,,0,0
1019,nc-games.itch.io,0.009501188,,,,,0,0
1020,grad.center,0.009456265,,662527,,,0,0
1021,salvatoregames.itch.io,0.008313539,,,,,0,0
1022,teamthetagames.itch.io,0.007125891,,,,,0,0
1023,vollkorn-games.itch.io,0.005938242,,,,,0,0
1024,throughgames.itch.io,0.004750594,,,,,0,0
1025,mktabah.com,0.004728132,,681048,,,0,0
1026,razek-games.itch.io,0.002375297,,,,,0,0
1027,cacti.forestjournal.org,0.002364066,,,,,0,0
1028,datameetup.es,0,,429001,,,0,0
1029,epicpersongames.itch.io,0,,,,,0,0
